<?xml version="1.0"?>
<!DOCTYPE module PUBLIC
    "-//Puppy Crawl//DTD Check Configuration 1.2//EN"
    "http://www.puppycrawl.com/dtds/configuration_1_2.dtd">

<!--
  Modified Sun Code Conventions (Checkstyle):  
    http://java.sun.com/docs/books/jls/second_edition/html/index.html
    
  Needs to be updated. Look for
    TODO 
    ADD-X
-->

<module name="Checker">

    <!-- Suppressions (what not to check) -->
	<!--	<module name="SuppressionFilter">
		    <property name="file" value="resource/Checkstyle/Suppressions.xml"/>
		</module>
    -->
    
    <!-- Checks that a package.html file exists for each package.     -->
    <!-- See http://checkstyle.sf.net/config_javadoc.html#PackageHtml -->
    <module name="PackageHtml"/>

    <!-- Checks that property files contain the same keys.         -->
    <!-- See http://checkstyle.sf.net/config_misc.html#Translation -->
    <module name="Translation"/>


    <module name="TreeWalker">

        <!-- Checks for Javadoc comments.                     -->
        <!-- See http://checkstyle.sf.net/config_javadoc.html -->
        <module name="JavadocMethod"/>
        <module name="JavadocType"/>
        <module name="JavadocVariable"/>
				<module name="JavadocStyle">
				   <property name="checkHtml" value="false"/>  <!-- Problem with <E> and <T> in doc (java 1.5) -->
				</module>


        <!-- Checks for Naming Conventions.                  -->
        <!-- See http://checkstyle.sf.net/config_naming.html -->
        <module name="ConstantName"/>
        <module name="LocalFinalVariableName"/>
        <module name="LocalVariableName"/>
        <module name="MemberName"/>
        <module name="MethodName"/>
        <module name="PackageName"/>
        <module name="ParameterName"/>
        <module name="StaticVariableName"/>
        <module name="TypeName"/>


        <!-- Checks for imports                              -->
        <!-- See http://checkstyle.sf.net/config_import.html -->
        <!-- <module name="AvoidStarImport"/>  ADD-X  takes time to fix! -->
        <module name="IllegalImport"/>  <!-- defaults to sun.* packages -->
        <module name="RedundantImport"/>
        <module name="UnusedImports"/>


        <!-- Checks for Size Violations.                    -->
        <!-- See http://checkstyle.sf.net/config_sizes.html -->
        <module name="FileLength"/>
        <module name="LineLength">
          <property name="max" value="120"/>
        </module>
				<module name="MethodLength">  <!-- Max length for method in lines -->
				   <property name="tokens" value="METHOD_DEF, CTOR_DEF"/>
				   <property name="max" value="1000"/>
				</module>
				<module name="ParameterNumber">  <!-- Max number of parameters for method. -->
				   <property name="max" value="20"/>
				   <property name="tokens" value="METHOD_DEF, CTOR_DEF"/>
				</module>


        <!-- Checks for whitespace                               -->
        <!-- See http://checkstyle.sf.net/config_whitespace.html -->
        <module name="EmptyForIteratorPad"/>
        <module name="MethodParamPad"/>
        <module name="NoWhitespaceAfter"/>
        <module name="NoWhitespaceBefore"/>
				<module name="OperatorWrap">
				    <property name="tokens" value="BAND, BOR, BSR, BXOR, COLON, DIV, EQUAL, GE, LAND, LE, LITERAL_INSTANCEOF, LOR, LT, MINUS, MOD, NOT_EQUAL, PLUS, QUESTION, SL, SR, STAR"/>
				    <property name="option" value="nl"/>
				</module>
        <module name="ParenPad"/>
        <module name="TypecastParenPad"/>
        <module name="TabCharacter"/>
				<module name="WhitespaceAfter">
				    <property name="tokens" value="COMMA, SEMI"/>
				</module>
				<module name="WhitespaceAround">
          <property name="tokens" value="ASSIGN"/>   <!-- '=' and others: TODO -->
        </module>

        <!-- Modifier Checks                                    -->
        <!-- See http://checkstyle.sf.net/config_modifiers.html -->
        <module name="ModifierOrder"/>
        <module name="RedundantModifier"/>


        <!-- Checks for blocks. You know, those {}'s         -->
        <!-- See http://checkstyle.sf.net/config_blocks.html -->
        <module name="AvoidNestedBlocks"/>
        <!-- <module name="EmptyBlock"/>  There seem to by some exceptions so taken out. -->
        <module name="LeftCurly"/>
        <module name="NeedBraces"/>
				<module name="RightCurly">
				    <property name="option" value="alone"/>
				</module>

        <!-- Checks for common coding problems               -->
        <!-- See http://checkstyle.sf.net/config_coding.html -->
        <!-- <module name="AvoidInlineConditionals"/> ADD-X: reason for this: inline conditionals supposed to be hard to read. -->
        <module name="DoubleCheckedLocking"/>    <!-- MY FAVOURITE -->
        <module name="EmptyStatement"/>
        <module name="EqualsHashCode"/>
        <!-- <module name="HiddenField"/>  ADD-X: crappy? -->
        <module name="IllegalInstantiation"/>
        <module name="InnerAssignment"/>
        <module name="MissingSwitchDefault"/>
        <!-- <module name="RedundantThrows"/>  ADD-X: crashes checkstyle -->

        <!-- Checks for class design                         -->
        <!-- See http://checkstyle.sf.net/config_design.html -->
        <!-- <module name="DesignForExtension"/> ADD-X: crappy? -->
        <module name="FinalClass"/>
        <module name="HideUtilityClassConstructor"/>
        <!-- <module name="VisibilityModifier"/> ADD-X: put in later - enforces encapsulation. -->


        <!-- Miscellaneous other checks.                   -->
        <!-- See http://checkstyle.sf.net/config_misc.html -->
        <module name="ArrayTypeStyle"/>
        <!-- <module name="FinalParameters"/> ADD-X Later: Code coding practice -->
				<module name="TodoComment">
				    <property name="format" value="TODO"/>
				</module>        
				<module name="UpperEll"/>   <!-- upper L for type conversion: 10L, not 10l -->

    </module>

</module>

