<project name="ECMOApp (LIVE)" default="webstart">	
  <import file="buildX-GLOBALS.xml"/>
  <!-- *********************************************************************** -->
  <target name="init" depends="pre-init, globals">  
  	<!-- Library Properties -->
    <property name="author" value="king"/>
    <property name="subname" value="app"/>
    <property name="subdirs" value="(app|app)(/|\\)(.*)"/>
    <property name="name" value="ecmosim-${subname}"/>
    <property name="release.version" value="${global.release.version}"/>
    <property name="release.file" value="${basedir}/src/app/edu/hawaii/jabsom/tri/ecmo/app/ECMOAppRelease.java"/>
    <filter token="release.version" value="${release.version}"/>
    <filter token="release.time" value="${release.time}"/>  	
    <property name="specialdir" value="app-live"/>
  	<property name="library.files" value="browsercode.jar"/>
    <!-- Program Properties (leave as is if not needed) -->
    <property name="prg.memory" value="64"/>
    <property name="prg.classfile" value="edu.hawaii.jabsom.tri.ecmo.app.ECMOApp"/>
  	<property name="prg.exe0" value="ECMOApp,${prg.memory},${prg.classfile},none"/>
  	<property name="executables.list" value="${prg.exe0}"/>  <!-- ${prg.exe0}+${prg.exe1} ... -->
    <!-- Java Web Start properties (leave as is if not needed) -->
    <property name="keystore.alias" value="kalias"/>
    <property name="keystore.file" value="${resource.dir}/jarsign/keystore"/>
    <property name="keystore.storepass" value="kpassword"/>
    <property name="webstart.files.exclude" value="j3dcore.jar,j3dutils.jar,vecmath.jar"/>
    <property name="webstart.title" value="ECMO App"/>
    <property name="webstart.author" value="Christoph Aschwanden"/>
    <property name="webstart.description" value="ECMO Application"/>
    <property name="webstart.url" value="http://www.tri.jabsom.hawaii.edu/ecmo"/>
    <property name="webstart.logo" value="webstart-logo.gif"/>
    <!-- Jakarta Web Properties (leave as is if not needed) -->
    <property name="webapp.name" value="${name}"/>
    <property name="webapp.manager.url" value="http://127.0.0.1:8080/manager"/>
    <property name="webapp.username" value="admin"/>
    <property name="webapp.password" value=""/>    
  </target>	
  <!-- *********************************************************************** -->
  <import file="buildX-CORE.xml"/>
</project>

