<?xml version="1.0" encoding="UTF-8"?>
<!DOCTYPE beans PUBLIC "-//SPRING//DTD BEAN//EN" "http://www.springframework.org/dtd/spring-beans.dtd">

<!--
  - Root application context for the Surgical Sim application.
  -->
<beans>

	<!-- Separate configuration files to load. -->
	<bean id="propertyConfigurer" class="org.springframework.beans.factory.config.PropertyPlaceholderConfigurer">
		<property name="locations">
			<list>
				<value>WEB-INF/mail.properties</value>
			</list>
		</property>
	</bean>
  
	<!-- MailSender implementation for JavaMail. Configuration defined in separate file. -->
	<bean id="mailSender" class="org.springframework.mail.javamail.JavaMailSenderImpl">
		<property name="host" value="${mail.host}"/>
	</bean>

</beans>
